text,sentiment,user,date
Not recommended at all,negative,user11,11/13/2024
Testing the application today,neutral,user20,10/16/2024
This made my day better,positive,user7,5/1/2024
The update ruined everything,negative,user17,8/16/2024
This is the worst thing I bought,negative,user9,3/21/2024
The update ruined everything,negative,user10,11/30/2024
Completely disappointed,negative,user20,1/27/2024
Completely disappointed,negative,user7,10/10/2024
This made my day better,positive,user15,7/12/2024
The product arrived today,neutral,user20,12/29/2024
Excellent quality and performance,positive,user9,5/14/2024
Very difficult to use,negative,user13,3/21/2024
Customer support was terrible,negative,user10,9/23/2024
Reading the documentation now,neutral,user2,7/12/2024
Very bad experience,negative,user5,5/29/2024
Waste of money,negative,user10,2/24/2024
Testing the application today,neutral,user7,2/8/2024
This is an average experience,neutral,user20,11/6/2024
Not recommended at all,negative,user14,6/28/2024
The feature works as expected,neutral,user14,1/21/2024
It is okay for daily use,neutral,user14,7/19/2024
Great customer support,positive,user5,4/22/2024
The new update is fantastic,positive,user17,9/7/2024
It is okay for daily use,neutral,user9,12/24/2024
This made my day better,positive,user12,1/16/2024
This is an average experience,neutral,user11,7/24/2024
Very happy with the results,positive,user11,4/28/2024
The update ruined everything,negative,user9,8/4/2024
Poor quality and performance,negative,user1,2/14/2024
Testing the application today,neutral,user4,8/13/2024
I started using the service,neutral,user18,10/11/2024
Trying this product for the first time,neutral,user14,8/4/2024
The new update is fantastic,positive,user20,1/19/2024
Very difficult to use,negative,user5,8/15/2024
Highly recommend this to everyone,positive,user4,1/5/2024
The product arrived today,neutral,user5,7/2/2024
The feature works as expected,neutral,user3,8/15/2024
It is okay for daily use,neutral,user16,3/24/2024
Excellent quality and performance,positive,user17,5/17/2024
Very bad experience,negative,user17,12/30/2024
Very difficult to use,negative,user17,10/29/2024
Excellent quality and performance,positive,user10,9/7/2024
Reading the documentation now,neutral,user4,5/23/2024
Waste of money,negative,user2,8/29/2024
Trying this product for the first time,neutral,user14,9/30/2024
Completely disappointed,negative,user6,6/22/2024
Reading the documentation now,neutral,user13,5/14/2024
Waste of money,negative,user7,3/4/2024
Completely disappointed,negative,user9,6/2/2024
The package was delivered,neutral,user16,7/1/2024
Testing the application today,neutral,user1,2/13/2024
Highly recommend this to everyone,positive,user4,10/19/2024
Great customer support,positive,user11,8/24/2024
The product arrived today,neutral,user13,10/22/2024
Best purchase I made this year,positive,user11,2/7/2024
Testing the application today,neutral,user1,7/19/2024
Highly recommend this to everyone,positive,user12,6/3/2024
This is an average experience,neutral,user4,5/3/2024
Not recommended at all,negative,user17,5/15/2024
Great customer support,positive,user12,7/19/2024
Very difficult to use,negative,user18,8/30/2024
Customer support was terrible,negative,user9,6/16/2024
I love this product,positive,user2,1/16/2024
Waste of money,negative,user18,7/10/2024
I love this product,positive,user2,1/10/2024
The new update is fantastic,positive,user4,7/12/2024
It is okay for daily use,neutral,user14,4/6/2024
Highly recommend this to everyone,positive,user11,7/24/2024
Best purchase I made this year,positive,user3,5/30/2024
I hate this product,negative,user19,1/24/2024
The product arrived today,neutral,user5,9/19/2024
Very difficult to use,negative,user14,6/16/2024
Reading the documentation now,neutral,user10,4/20/2024
Great customer support,positive,user5,9/27/2024
Nothing special about this update,neutral,user6,10/7/2024
This is an average experience,neutral,user20,12/24/2024
Poor quality and performance,negative,user9,9/6/2024
I started using the service,neutral,user5,4/4/2024
Excellent quality and performance,positive,user20,11/20/2024
Super easy to use,positive,user16,12/3/2024
Trying this product for the first time,neutral,user17,9/20/2024
The feature works as expected,neutral,user5,12/30/2024
The product arrived today,neutral,user2,6/1/2024
Poor quality and performance,negative,user10,12/19/2024
The feature works as expected,neutral,user15,9/25/2024
Great customer support,positive,user17,12/10/2024
Reading the documentation now,neutral,user10,8/8/2024
Very bad experience,negative,user15,1/27/2024
I love this product,positive,user11,12/1/2024
Very happy with the results,positive,user15,6/13/2024
Best purchase I made this year,positive,user16,10/3/2024
Best purchase I made this year,positive,user13,11/13/2024
I love this product,positive,user6,7/7/2024
I started using the service,neutral,user14,12/11/2024
Very bad experience,negative,user8,10/19/2024
The package was delivered,neutral,user4,2/27/2024
Testing the application today,neutral,user5,10/8/2024
Waste of money,negative,user6,1/6/2024
Amazing experience using this service,positive,user20,2/7/2024
This is the worst thing I bought,negative,user19,4/5/2024
Customer support was terrible,negative,user11,8/20/2024
The new update is fantastic,positive,user14,8/21/2024
Highly recommend this to everyone,positive,user18,8/10/2024
Trying this product for the first time,neutral,user7,8/22/2024
This made my day better,positive,user20,1/6/2024
Best purchase I made this year,positive,user4,3/25/2024
The package was delivered,neutral,user6,2/27/2024
Very difficult to use,negative,user13,12/23/2024
Very happy with the results,positive,user4,9/3/2024
I started using the service,neutral,user5,8/31/2024
Best purchase I made this year,positive,user16,5/20/2024
The update ruined everything,negative,user19,3/23/2024
This is the worst thing I bought,negative,user19,6/1/2024
I love this product,positive,user20,8/3/2024
This is the worst thing I bought,negative,user4,12/11/2024
This made my day better,positive,user4,12/11/2024
This made my day better,positive,user1,5/2/2024
Waste of money,negative,user5,9/1/2024
Best purchase I made this year,positive,user19,9/3/2024
The product arrived today,neutral,user13,3/15/2024
Reading the documentation now,neutral,user1,6/27/2024
The product arrived today,neutral,user2,4/26/2024
Customer support was terrible,negative,user7,8/25/2024
Customer support was terrible,negative,user5,7/27/2024
Amazing experience using this service,positive,user3,2/15/2024
Not recommended at all,negative,user15,3/26/2024
This made my day better,positive,user1,4/30/2024
It is okay for daily use,neutral,user10,10/29/2024
The product arrived today,neutral,user14,8/16/2024
Reading the documentation now,neutral,user11,11/2/2024
The package was delivered,neutral,user3,4/14/2024
Reading the documentation now,neutral,user4,8/4/2024
The package was delivered,neutral,user19,9/12/2024
Best purchase I made this year,positive,user16,5/21/2024
The update ruined everything,negative,user20,9/25/2024
Excellent quality and performance,positive,user17,2/22/2024
Very happy with the results,positive,user2,12/15/2024
This is the worst thing I bought,negative,user15,8/12/2024
The new update is fantastic,positive,user12,10/4/2024
This is an average experience,neutral,user13,5/28/2024
This is an average experience,neutral,user1,12/8/2024
Best purchase I made this year,positive,user8,9/12/2024
I love this product,positive,user10,8/4/2024
Poor quality and performance,negative,user2,8/20/2024
The feature works as expected,neutral,user13,7/29/2024
Very bad experience,negative,user15,11/28/2024
The package was delivered,neutral,user17,2/10/2024
Reading the documentation now,neutral,user1,7/17/2024
Trying this product for the first time,neutral,user2,6/17/2024
Testing the application today,neutral,user5,9/9/2024
Last session of the day http://twitpic.com/67ezh,neutral,user10,11/2/2024
